{
  "project_info": {
    "project_number": "533349424829",
    "firebase_url": "https://fcisystem-2020.firebaseio.com",
    "project_id": "fcisystem-2020",
    "storage_bucket": "fcisystem-2020.appspot.com"
  },
  "client": [
    {
      "client_info": {
        "mobilesdk_app_id": "1:533349424829:android:8ff54ac1e58f24b8",
        "android_client_info": {
          "package_name": "com.example.fciadmin"
        }
      },
      "oauth_client": [
        {
          "client_id": "533349424829-id67pp3ocdn76klo3cab7crmbbkkbfuq.apps.googleusercontent.com",
          "client_type": 1,
          "android_info": {
            "package_name": "com.example.fciadmin",
            "certificate_hash": "818ca0c3bb449cb23121ed52b972ef65c4f331a0"
          }
        },
        {
          "client_id": "533349424829-r66l7o8slup8hgscqjqlon01elgmkaca.apps.googleusercontent.com",
          "client_type": 1,
          "android_info": {
            "package_name": "com.example.fciadmin",
            "certificate_hash": "b3665c47acf1672194eaee9b68ac9b80d44b953a"
          }
        },
        {
          "client_id": "533349424829-qklphcf77pu86akmdahlgpl2vovho0vh.apps.googleusercontent.com",
          "client_type": 1,
          "android_info": {
            "package_name": "com.example.fciadmin",
            "certificate_hash": "a651907d40ad74094b1f434b7e6cee1b359a2d16"
          }
        },
        {
          "client_id": "533349424829-ogiqgalse4berpdenot6c1fo9bv38mti.apps.googleusercontent.com",
          "client_type": 1,
          "android_info": {
            "package_name": "com.example.fciadmin",
            "certificate_hash": "608147cfd0c5e2e35830fb34d1248ae7ccb709e0"
          }
        },
        {
          "client_id": "533349424829-12pv83fb5hpgkkivkk4b5c06p731lhl4.apps.googleusercontent.com",
          "client_type": 3
        }
      ],
      "api_key": [
        {
          "current_key": "AIzaSyDJj60Puqp40pv9T5kxCPwdPZZG6Zi-5Rs"
        }
      ],
      "services": {
        "analytics_service": {
          "status": 1
        },
        "appinvite_service": {
          "status": 2,
          "other_platform_oauth_client": [
            {
              "client_id": "533349424829-12pv83fb5hpgkkivkk4b5c06p731lhl4.apps.googleusercontent.com",
              "client_type": 3
            }
          ]
        },
        "ads_service": {
          "status": 2
        }
      }
    },
    {
      "client_info": {
        "mobilesdk_app_id": "1:533349424829:android:ccfaa0f5cc76ab46",
        "android_client_info": {
          "package_name": "com.example.firebaserecyclertester"
        }
      },
      "oauth_client": [
        {
          "client_id": "533349424829-vqeqe2eln9sr12tfpct4iqe2ol633qmk.apps.googleusercontent.com",
          "client_type": 1,
          "android_info": {
            "package_name": "com.example.firebaserecyclertester",
            "certificate_hash": "608147cfd0c5e2e35830fb34d1248ae7ccb709e0"
          }
        },
        {
          "client_id": "533349424829-12pv83fb5hpgkkivkk4b5c06p731lhl4.apps.googleusercontent.com",
          "client_type": 3
        }
      ],
      "api_key": [
        {
          "current_key": "AIzaSyDJj60Puqp40pv9T5kxCPwdPZZG6Zi-5Rs"
        }
      ],
      "services": {
        "analytics_service": {
          "status": 1
        },
        "appinvite_service": {
          "status": 2,
          "other_platform_oauth_client": [
            {
              "client_id": "533349424829-12pv83fb5hpgkkivkk4b5c06p731lhl4.apps.googleusercontent.com",
              "client_type": 3
            }
          ]
        },
        "ads_service": {
          "status": 2
        }
      }
    },
    {
      "client_info": {
        "mobilesdk_app_id": "1:533349424829:android:56987fd36947f377",
        "android_client_info": {
          "package_name": "com.example.fcistudent"
        }
      },
      "oauth_client": [
        {
          "client_id": "533349424829-6jt891oqh2ebpsb75t7j1838dhqjavs3.apps.googleusercontent.com",
          "client_type": 1,
          "android_info": {
            "package_name": "com.example.fcistudent",
            "certificate_hash": "818ca0c3bb449cb23121ed52b972ef65c4f331a0"
          }
        },
        {
          "client_id": "533349424829-0qdkrdh2qps47qj5g70i4ism9gdq95de.apps.googleusercontent.com",
          "client_type": 1,
          "android_info": {
            "package_name": "com.example.fcistudent",
            "certificate_hash": "b3665c47acf1672194eaee9b68ac9b80d44b953a"
          }
        },
        {
          "client_id": "533349424829-liu15r1g0461p5rnthljaafl3bbfjcoh.apps.googleusercontent.com",
          "client_type": 1,
          "android_info": {
            "package_name": "com.example.fcistudent",
            "certificate_hash": "a651907d40ad74094b1f434b7e6cee1b359a2d16"
          }
        },
        {
          "client_id": "533349424829-12pv83fb5hpgkkivkk4b5c06p731lhl4.apps.googleusercontent.com",
          "client_type": 3
        }
      ],
      "api_key": [
        {
          "current_key": "AIzaSyDJj60Puqp40pv9T5kxCPwdPZZG6Zi-5Rs"
        }
      ],
      "services": {
        "analytics_service": {
          "status": 1
        },
        "appinvite_service": {
          "status": 2,
          "other_platform_oauth_client": [
            {
              "client_id": "533349424829-12pv83fb5hpgkkivkk4b5c06p731lhl4.apps.googleusercontent.com",
              "client_type": 3
            }
          ]
        },
        "ads_service": {
          "status": 2
        }
      }
    }
  ],
  "configuration_version": "1"
}