{
  "project_info": {
    "project_number": "533349424829",
    "firebase_url": "https://fcisystem-2020.firebaseio.com",
    "project_id": "fcisystem-2020",
    "storage_bucket": "fcisystem-2020.appspot.com"
  },
  "client": [
    {
      "client_info": {
        "mobilesdk_app_id": "1:533349424829:android:8ff54ac1e58f24b8",
        "android_client_info": {
          "package_name": "com.example.fciadmin"
        }
      },
      "oauth_client": [
        {
          "client_id": "533349424829-ogiqgalse4berpdenot6c1fo9bv38mti.apps.googleusercontent.com",
          "client_type": 1,
          "android_info": {
            "package_name": "com.example.fciadmin",
            "certificate_hash": "608147cfd0c5e2e35830fb34d1248ae7ccb709e0"
          }
        },
        {
          "client_id": "533349424829-12pv83fb5hpgkkivkk4b5c06p731lhl4.apps.googleusercontent.com",
          "client_type": 3
        }
      ],
      "api_key": [
        {
          "current_key": "AIzaSyDJj60Puqp40pv9T5kxCPwdPZZG6Zi-5Rs"
        }
      ],
      "services": {
        "analytics_service": {
          "status": 1
        },
        "appinvite_service": {
          "status": 2,
          "other_platform_oauth_client": [
            {
              "client_id": "533349424829-12pv83fb5hpgkkivkk4b5c06p731lhl4.apps.googleusercontent.com",
              "client_type": 3
            }
          ]
        },
        "ads_service": {
          "status": 2
        }
      }
    }
  ],
  "configuration_version": "1"
}